Id,class_0,class_1
00eed32682bb,0.780796146641007,0.21920385335899292
010ebe33f668,0.780796146641007,0.21920385335899292
02fa521e1838,0.780796146641007,0.21920385335899292
040e15f562a2,0.780796146641007,0.21920385335899292
046e85c7cc7f,0.780796146641007,0.21920385335899292
