Id,class_0,class_1
00eed32682bb,0.4083509665703343,0.5916490334296657
010ebe33f668,0.4083509665703343,0.5916490334296657
02fa521e1838,0.4083509665703343,0.5916490334296657
040e15f562a2,0.4083509665703343,0.5916490334296657
046e85c7cc7f,0.4083509665703343,0.5916490334296657
