Id,class_0,class_1
00eed32682bb,0.7395443322900375,0.2604556677099625
010ebe33f668,0.7395443322900375,0.2604556677099625
02fa521e1838,0.7395443322900375,0.2604556677099625
040e15f562a2,0.7395443322900375,0.2604556677099625
046e85c7cc7f,0.7395443322900375,0.2604556677099625
