Id,class_0,class_1
00eed32682bb,0.6397030726213524,0.3602969273786476
010ebe33f668,0.6397030726213524,0.3602969273786476
02fa521e1838,0.6397030726213524,0.3602969273786476
040e15f562a2,0.6397030726213524,0.3602969273786476
046e85c7cc7f,0.6397030726213524,0.3602969273786476
