Id,class_0,class_1
00eed32682bb,0.7930883943136388,0.20691160568636127
010ebe33f668,0.7930883943136388,0.20691160568636127
02fa521e1838,0.7930883943136388,0.20691160568636127
040e15f562a2,0.7930883943136388,0.20691160568636127
046e85c7cc7f,0.7930883943136388,0.20691160568636127
