Id,class_0,class_1
00eed32682bb,0.3234317817410326,0.676568218258967
010ebe33f668,0.3234317817410326,0.676568218258967
02fa521e1838,0.3234317817410326,0.676568218258967
040e15f562a2,0.3234317817410326,0.676568218258967
046e85c7cc7f,0.3234317817410326,0.676568218258967
