Id,class_0,class_1
00eed32682bb,0.550599309785136,0.449400690214864
010ebe33f668,0.550599309785136,0.449400690214864
02fa521e1838,0.550599309785136,0.449400690214864
040e15f562a2,0.550599309785136,0.449400690214864
046e85c7cc7f,0.550599309785136,0.449400690214864
