Id,class_0,class_1
00eed32682bb,0.8118069770172172,0.1881930229827829
010ebe33f668,0.8118069770172172,0.1881930229827829
02fa521e1838,0.8118069770172172,0.1881930229827829
040e15f562a2,0.8118069770172172,0.1881930229827829
046e85c7cc7f,0.8118069770172172,0.1881930229827829
