Id,class_0,class_1
00eed32682bb,0.7303890892058007,0.26961091079419924
010ebe33f668,0.7303890892058007,0.26961091079419924
02fa521e1838,0.7303890892058007,0.26961091079419924
040e15f562a2,0.7303890892058007,0.26961091079419924
046e85c7cc7f,0.7303890892058007,0.26961091079419924
