Id,class_0,class_1
00eed32682bb,0.8928222345567537,0.10717776544324635
010ebe33f668,0.8928222345567537,0.10717776544324635
02fa521e1838,0.8928222345567537,0.10717776544324635
040e15f562a2,0.8928222345567537,0.10717776544324635
046e85c7cc7f,0.8928222345567537,0.10717776544324635
