Id,class_0,class_1
00eed32682bb,0.7518003036687237,0.24819969633127625
010ebe33f668,0.7518003036687237,0.24819969633127625
02fa521e1838,0.7518003036687237,0.24819969633127625
040e15f562a2,0.7518003036687237,0.24819969633127625
046e85c7cc7f,0.7518003036687237,0.24819969633127625
