Id,class_0,class_1
00eed32682bb,0.6107400069625902,0.38925999303741
010ebe33f668,0.6107400069625902,0.38925999303741
02fa521e1838,0.6107400069625902,0.38925999303741
040e15f562a2,0.6107400069625902,0.38925999303741
046e85c7cc7f,0.6107400069625902,0.38925999303741
