Id,class_0,class_1
00eed32682bb,0.69932222344812,0.30067777655187994
010ebe33f668,0.69932222344812,0.30067777655187994
02fa521e1838,0.69932222344812,0.30067777655187994
040e15f562a2,0.69932222344812,0.30067777655187994
046e85c7cc7f,0.69932222344812,0.30067777655187994
