Id,class_0,class_1
00eed32682bb,0.8343408533238497,0.1656591466761503
010ebe33f668,0.8343408533238497,0.1656591466761503
02fa521e1838,0.8343408533238497,0.1656591466761503
040e15f562a2,0.8343408533238497,0.1656591466761503
046e85c7cc7f,0.8343408533238497,0.1656591466761503
