Id,class_0,class_1
00eed32682bb,0.7846936733319245,0.21530632666807545
010ebe33f668,0.7846936733319245,0.21530632666807545
02fa521e1838,0.7846936733319245,0.21530632666807545
040e15f562a2,0.7846936733319245,0.21530632666807545
046e85c7cc7f,0.7846936733319245,0.21530632666807545
