Id,class_0,class_1
00eed32682bb,0.6966362341691752,0.3033637658308248
010ebe33f668,0.6966362341691752,0.3033637658308248
02fa521e1838,0.6966362341691752,0.3033637658308248
040e15f562a2,0.6966362341691752,0.3033637658308248
046e85c7cc7f,0.6966362341691752,0.3033637658308248
