Id,class_0,class_1
00eed32682bb,0.703884021308965,0.296115978691035
010ebe33f668,0.703884021308965,0.296115978691035
02fa521e1838,0.703884021308965,0.296115978691035
040e15f562a2,0.703884021308965,0.296115978691035
046e85c7cc7f,0.703884021308965,0.296115978691035
