Id,class_0,class_1
00eed32682bb,0.7320792467481614,0.26792075325183823
010ebe33f668,0.7320792467481614,0.26792075325183823
02fa521e1838,0.7320792467481614,0.26792075325183823
040e15f562a2,0.7320792467481614,0.26792075325183823
046e85c7cc7f,0.7320792467481614,0.26792075325183823
