Id,class_0,class_1
00eed32682bb,0.5000000007765054,0.4999999992234946
010ebe33f668,0.5000000007765054,0.4999999992234946
02fa521e1838,0.5000000007765054,0.4999999992234946
040e15f562a2,0.5000000007765054,0.4999999992234946
046e85c7cc7f,0.5000000007765054,0.4999999992234946
