Id,class_0,class_1
00eed32682bb,0.6860442782998346,0.31395572170016534
010ebe33f668,0.6860442782998346,0.31395572170016534
02fa521e1838,0.6860442782998346,0.31395572170016534
040e15f562a2,0.6860442782998346,0.31395572170016534
046e85c7cc7f,0.6860442782998346,0.31395572170016534
