Id,class_0,class_1
00eed32682bb,0.7875037231080478,0.21249627689195213
010ebe33f668,0.7875037231080478,0.21249627689195213
02fa521e1838,0.7875037231080478,0.21249627689195213
040e15f562a2,0.7875037231080478,0.21249627689195213
046e85c7cc7f,0.7875037231080478,0.21249627689195213
