Id,class_0,class_1
00eed32682bb,0.5000000024386214,0.4999999975613786
010ebe33f668,0.5000000024386214,0.4999999975613786
02fa521e1838,0.5000000024386214,0.4999999975613786
040e15f562a2,0.5000000024386214,0.4999999975613786
046e85c7cc7f,0.5000000024386214,0.4999999975613786
